{"width":5,"height":3,"cellSize":{"x":16.0,"y":74.0},"gridLineInfo":{"floatValue":2.5999999046325685,"colorValue":{"r":0.8773584961891174,"g":0.1379493921995163,"b":0.1379493921995163,"a":1.0}},"coordinatesGizmosInfo":{"floatValue":40.0,"colorValue":{"r":1.0,"g":0.0,"b":0.46749210357666018,"a":1.0}},"playerPosition":{"x":5,"y":5}}