{"width":20,"height":20,"cellSize":{"x":10.0,"y":10.0},"gridLineInfo":{"floatValue":2.0,"colorValue":{"r":0.028301894664764406,"g":0.028301894664764406,"b":0.028301894664764406,"a":1.0}},"coordinatesGizmosInfo":{"floatValue":32.0,"colorValue":{"r":0.01572316884994507,"g":1.0,"b":0.2596118152141571,"a":1.0}},"playerPosition":{"x":0,"y":0}}