{"width":20,"height":20,"cellSize":{"x":10.0,"y":10.0},"gridLineInfo":{"floatValue":2.0,"colorValue":{"r":0.028301894664764406,"g":0.028301894664764406,"b":0.028301894664764406,"a":1.0}},"coordinatesGizmosInfo":{"floatValue":40.0,"colorValue":{"r":1.0,"g":0.054901957511901858,"b":0.6788350939750671,"a":1.0}},"playerPosition":{"x":6,"y":0}}